date,interviewer,interviewee_position,research_q,q_field,interview_turn,data,speaker,Code,LTP,Activity,Value_activity,Bias_activity,Q8_aware,Evidence,Value_evid,Constraining_factors,Enabling_factors,Outcomes,NGO_network,Gvt_network,Code_notes
05_april_2024,Mwamba,CDC,NA,Conversation before interview questions,1,Conversati,interviewer,NA,NA,NA,NA,NA,NA,NA,NA,NA,NA,NA,NA,NA,NA
05_april_2024,Mwamba,CDC,NA,Conversation before interview questions,2,Slowly the,respondent,NA,NA,NA,NA,NA,NA,NA,NA,NA,NA,NA,NA,NA,NA
05_april_2024,Mwamba,CDC,NA,Conversation before interview questions,3,People lau,respondent,NA,NA,NA,NA,NA,NA,NA,NA,NA,NA,NA,NA,NA,NA
05_april_2024,Mwamba,CDC,NA,Conversation before interview questions,4,You know i,respondent,NA,NA,NA,NA,NA,NA,NA,NA,NA,NA,NA,NA,NA,NA
05_april_2024,Mwamba,CDC,NA,Conversation before interview questions,5,"Ok, ahhh w",respondent,NA,NA,NA,NA,NA,NA,NA,NA,NA,NA,NA,NA,NA,NA
05_april_2024,Mwamba,CDC,NA,Conversation before interview questions,6,So we’ve r,respondent,NA,NA,NA,NA,NA,NA,NA,NA,NA,NA,NA,NA,NA,NA
05_april_2024,Mwamba,CDC,NA,Conversation before interview questions,7,So play ba,respondent,NA,NA,NA,NA,NA,NA,NA,NA,NA,NA,NA,NA,NA,NA
05_april_2024,Mwamba,CDC,NA,Conversation before interview questions,8,Ok ahhh ca,respondent,NA,NA,NA,NA,NA,NA,NA,NA,NA,NA,NA,NA,NA,NA
05_april_2024,Mwamba,CDC,NA,Conversation before interview questions,9,Can you st,interviewer,NA,NA,NA,NA,NA,NA,NA,NA,NA,NA,NA,NA,NA,NA
05_april_2024,Mwamba,CDC,NA,Conversation before interview questions,10,As a curri,respondent,NA,NA,NA,NA,NA,NA,NA,NA,NA,Curriculum/documents,NA,NA,NA,Part of official's role is in using feedback on curriculum materials to see how they are performing
05_april_2024,Mwamba,CDC,NA,Conversation before interview questions,11,Respondent,respondent,NA,NA,NA,NA,NA,NA,NA,NA,NA,NA,NA,NA,NA,NA
05_april_2024,Mwamba,CDC,NA,Conversation before interview questions,12,Helping in,respondent,NA,NA,NA,NA,NA,NA,NA,NA,NA,NA,NA,NA,NA,NA
05_april_2024,Mwamba,CDC,NA,Conversation before interview questions,13,Any parts ,interviewer,NA,NA,NA,NA,NA,NA,NA,NA,NA,NA,NA,NA,NA,NA
05_april_2024,Mwamba,CDC,NA,Conversation before interview questions,14,Well befor,respondent,NA,NA,NA,NA,NA,NA,NA,NA,NA,Policy,NA,NA,NA,NA
05_april_2024,Mwamba,CDC,NA,Conversation before interview questions,15,So really ,respondent,NA,NA,NA,NA,NA,NA,NA,NA,NA,Policy,NA,NA,NA,Policy enables dev of curr and docs
05_april_2024,Mwamba,CDC,NA,Conversation before interview questions,16,And then y,respondent,NA,NA,NA,NA,NA,NA,NA,NA,NA,Policy,NA,NA,NA,NA
05_april_2024,Mwamba,CDC,NA,Conversation before interview questions,17,"So, even w",respondent,NA,NA,NA,NA,NA,NA,NA,NA,NA,LTP understanding,NA,NA,NA,NA
05_april_2024,Mwamba,CDC,NA,Conversation before interview questions,18,Something ,respondent,NA,NA,NA,NA,NA,NA,NA,NA,NA,NA,NA,NA,NA,NA
05_april_2024,Mwamba,CDC,NA,Conversation before interview questions,19,So really ,respondent,NA,NA,NA,NA,NA,NA,NA,NA,NA,"Policy 
Curriculum",NA,NA,NA,NA
05_april_2024,Mwamba,CDC,NA,Conversation before interview questions,20,Ok interes,interviewer,NA,NA,NA,NA,NA,NA,NA,NA,NA,NA,NA,NA,NA,NA
05_april_2024,Mwamba,CDC,NA,Conversation before interview questions,21,Even Resea,respondent,NA,NA,Regional study visits (int'l field trips),NA,Open response,NA,Transferability,NA,NA,Policy,NA,Other,NA,"Interacting with various others (even curr specialists from other countries) for understanding role
Implies experiences from RW and UG are transferrable"
05_april_2024,Mwamba,CDC,NA,Conversation before interview questions,22,Ok thank y,interviewer,NA,NA,NA,NA,NA,NA,NA,NA,NA,NA,NA,NA,NA,NA
05_april_2024,Mwamba,CDC,What are policymakers’ perceptions of ECCE and LtP pedagogy?,"2. Can you describe what you see as the successes and challenges for ECE in Zambia, and what might be on the future horizon in developing ECE?",23,Can you de,interviewer,NA,NA,NA,NA,NA,NA,NA,NA,NA,NA,NA,NA,NA,NA
05_april_2024,Mwamba,CDC,What are policymakers’ perceptions of ECCE and LtP pedagogy?,"2. Can you describe what you see as the successes and challenges for ECE in Zambia, and what might be on the future horizon in developing ECE?",24,So for the,respondent,State sponsored ECE,NA,NA,NA,NA,NA,NA,NA,NA,Policy,NA,NA,NA,As an ECE success
05_april_2024,Mwamba,CDC,What are policymakers’ perceptions of ECCE and LtP pedagogy?,"2. Can you describe what you see as the successes and challenges for ECE in Zambia, and what might be on the future horizon in developing ECE?",25,Apart from,respondent,NA,NA,NA,NA,NA,NA,NA,NA,NA,Funding/Infrastructural,NA,NA,NA,"As an ECE succes, these have been developments"
05_april_2024,Mwamba,CDC,What are policymakers’ perceptions of ECCE and LtP pedagogy?,"2. Can you describe what you see as the successes and challenges for ECE in Zambia, and what might be on the future horizon in developing ECE?",26,There is a,respondent,NA,NA,NA,NA,NA,NA,Transferability,NA,NA,LTP understanding,NA,Other,NA,"Stakeholders -- collab for learning purposes
Comparative advantage"
05_april_2024,Mwamba,CDC,What are policymakers’ perceptions of ECCE and LtP pedagogy?,"2. Can you describe what you see as the successes and challenges for ECE in Zambia, and what might be on the future horizon in developing ECE?",27,NA,respondent,NA,NA,NA,NA,NA,NA,NA,NA,NA,NA,NA,NA,NA,NA
05_april_2024,Mwamba,CDC,What are policymakers’ perceptions of ECCE and LtP pedagogy?,"2. Can you describe what you see as the successes and challenges for ECE in Zambia, and what might be on the future horizon in developing ECE?",28,NA,respondent,NA,NA,NA,NA,NA,NA,NA,NA,NA,NA,NA,NA,NA,NA
05_april_2024,Mwamba,CDC,What are policymakers’ perceptions of ECCE and LtP pedagogy?,"2. Can you describe what you see as the successes and challenges for ECE in Zambia, and what might be on the future horizon in developing ECE?",29,NA,respondent,NA,NA,NA,NA,NA,NA,NA,NA,NA,NA,NA,NA,NA,NA
05_april_2024,Mwamba,CDC,What are policymakers’ perceptions of ECCE and LtP pedagogy?,"2. Can you describe what you see as the successes and challenges for ECE in Zambia, and what might be on the future horizon in developing ECE?",30,It was don,respondent,NA,NA,NA,NA,NA,NA,NA,NA,NA,NA,NA,NA,NA,NA
05_april_2024,Mwamba,CDC,What are policymakers’ perceptions of ECCE and LtP pedagogy?,"2. Can you describe what you see as the successes and challenges for ECE in Zambia, and what might be on the future horizon in developing ECE?",31,Then the c,respondent,NA,NA,NA,NA,NA,NA,NA,NA,Other,NA,NA,NA,NA,High demand on the ground - stress on infrastructure
05_april_2024,Mwamba,CDC,What are policymakers’ perceptions of ECCE and LtP pedagogy?,"2. Can you describe what you see as the successes and challenges for ECE in Zambia, and what might be on the future horizon in developing ECE?",32,So you fin,respondent,NA,Local materials,NA,NA,NA,NA,NA,NA,"Funding/Infrastructural
Implementation",NA,NA,NA,NA,"Class size / space
Teacher capacity / workforce
Making local materials as an LTP teacher activity
Class size as a barrier"
05_april_2024,Mwamba,CDC,What are policymakers’ perceptions of ECCE and LtP pedagogy?,"2. Can you describe what you see as the successes and challenges for ECE in Zambia, and what might be on the future horizon in developing ECE?",33,NA,respondent,NA,NA,NA,NA,NA,NA,NA,NA,NA,NA,NA,NA,NA,NA
05_april_2024,Mwamba,CDC,What are policymakers’ perceptions of ECCE and LtP pedagogy?,"2. Can you describe what you see as the successes and challenges for ECE in Zambia, and what might be on the future horizon in developing ECE?",34,Any other ,interviewer,NA,NA,NA,NA,NA,NA,NA,NA,NA,NA,NA,NA,NA,NA
05_april_2024,Mwamba,CDC,What are policymakers’ perceptions of ECCE and LtP pedagogy?,"2. Can you describe what you see as the successes and challenges for ECE in Zambia, and what might be on the future horizon in developing ECE?",35,Ummm,respondent,NA,NA,NA,NA,NA,NA,NA,NA,NA,NA,NA,NA,NA,NA
05_april_2024,Mwamba,CDC,What are policymakers’ perceptions of ECCE and LtP pedagogy?,"2. Can you describe what you see as the successes and challenges for ECE in Zambia, and what might be on the future horizon in developing ECE?",36,This one w,respondent,NA,NA,NA,NA,NA,NA,NA,NA,Other,NA,NA,NA,NA,Lack of community involvement as a barrier
05_april_2024,Mwamba,CDC,What are policymakers’ perceptions of ECCE and LtP pedagogy?,"2. Can you describe what you see as the successes and challenges for ECE in Zambia, and what might be on the future horizon in developing ECE?",37,"So, that i",respondent,NA,NA,NA,NA,NA,NA,NA,NA,NA,NA,NA,NA,NA,NA
05_april_2024,Mwamba,CDC,What are policymakers’ perceptions of ECCE and LtP pedagogy?,"2. Can you describe what you see as the successes and challenges for ECE in Zambia, and what might be on the future horizon in developing ECE?",38,In some co,respondent,NA,NA,NA,NA,NA,NA,NA,NA,Other,Other,NA,NA,NA,Lack of community involvement as a barrier
05_april_2024,Mwamba,CDC,What are policymakers’ perceptions of ECCE and LtP pedagogy?,"2. Can you describe what you see as the successes and challenges for ECE in Zambia, and what might be on the future horizon in developing ECE?",39,Yeah.,respondent,NA,NA,NA,NA,NA,NA,NA,NA,NA,NA,NA,NA,NA,NA
05_april_2024,Mwamba,CDC,What are policymakers’ perceptions of ECCE and LtP pedagogy?,"2. Can you describe what you see as the successes and challenges for ECE in Zambia, and what might be on the future horizon in developing ECE?",40,"I see, so ",interviewer,NA,NA,NA,NA,NA,NA,NA,NA,NA,NA,NA,NA,NA,NA
05_april_2024,Mwamba,CDC,What are policymakers’ perceptions of ECCE and LtP pedagogy?,"2. Can you describe what you see as the successes and challenges for ECE in Zambia, and what might be on the future horizon in developing ECE?",41,"Well, it h",respondent,NA,NA,NA,NA,NA,NA,NA,NA,NA,NA,NA,NA,NA,NA
05_april_2024,Mwamba,CDC,What are policymakers’ perceptions of ECCE and LtP pedagogy?,"2. Can you describe what you see as the successes and challenges for ECE in Zambia, and what might be on the future horizon in developing ECE?",42,And so we ,respondent,NA,NA,NA,NA,NA,NA,NA,NA,"Funding/Infrastructural
Implementation",NA,NA,NA,NA,Class size / space
05_april_2024,Mwamba,CDC,What are policymakers’ perceptions of ECCE and LtP pedagogy?,"2. Can you describe what you see as the successes and challenges for ECE in Zambia, and what might be on the future horizon in developing ECE?",43,NA,respondent,NA,NA,NA,NA,NA,NA,NA,NA,NA,NA,NA,NA,NA,NA
05_april_2024,Mwamba,CDC,What are policymakers’ perceptions of ECCE and LtP pedagogy?,"2. Can you describe what you see as the successes and challenges for ECE in Zambia, and what might be on the future horizon in developing ECE?",44,Ok those a,interviewer,NA,NA,NA,NA,NA,NA,NA,NA,NA,NA,NA,NA,NA,NA
05_april_2024,Mwamba,CDC,What are policymakers’ perceptions of ECCE and LtP pedagogy?,"2. Can you describe what you see as the successes and challenges for ECE in Zambia, and what might be on the future horizon in developing ECE?",45,Well succe,respondent,NA,NA,NA,NA,NA,NA,NA,NA,NA,NA,Funding/Infrastructural,Other,Other,"Class size / space
Other- sister directorate -- who is this? For Mwamba
Some organizations"
05_april_2024,Mwamba,CDC,What are policymakers’ perceptions of ECCE and LtP pedagogy?,"2. Can you describe what you see as the successes and challenges for ECE in Zambia, and what might be on the future horizon in developing ECE?",46,That’s alr,respondent,NA,NA,NA,NA,NA,NA,NA,NA,NA,NA,Funding/Infrastructural,NA,NA,NA
05_april_2024,Mwamba,CDC,What are policymakers’ perceptions of ECCE and LtP pedagogy?,"2. Can you describe what you see as the successes and challenges for ECE in Zambia, and what might be on the future horizon in developing ECE?",47,Ahhh we ha,respondent,NA,NA,NA,NA,NA,NA,NA,NA,"LTP understanding
Implementation",NA,"LTP understanding
Implementation",Other,NA,Other- different stakeholders
05_april_2024,Mwamba,CDC,What are policymakers’ perceptions of ECCE and LtP pedagogy?,3. What does Learning through Play look like to you?,48,What does ,interviewer,NA,NA,NA,NA,NA,NA,NA,NA,NA,NA,NA,NA,NA,NA
05_april_2024,Mwamba,CDC,What are policymakers’ perceptions of ECCE and LtP pedagogy?,3. What does Learning through Play look like to you?,49,Not asked,respondent,NA,NA,NA,NA,NA,NA,NA,NA,NA,NA,NA,NA,NA,NA
05_april_2024,Mwamba,CDC,What are policymakers’ perceptions of ECCE and LtP pedagogy?,3a. What has contributed to or helped form your current image of Learning through Play?,50,3a,interviewer,NA,NA,NA,NA,NA,NA,NA,NA,NA,NA,NA,NA,NA,NA
05_april_2024,Mwamba,CDC,What are policymakers’ perceptions of ECCE and LtP pedagogy?,3a. What has contributed to or helped form your current image of Learning through Play?,51,What has c,interviewer,NA,NA,NA,NA,NA,NA,NA,NA,NA,NA,NA,NA,NA,NA
05_april_2024,Mwamba,CDC,What are policymakers’ perceptions of ECCE and LtP pedagogy?,3a. What has contributed to or helped form your current image of Learning through Play?,52,Not asked,respondent,NA,NA,NA,NA,NA,NA,NA,NA,NA,NA,NA,NA,NA,NA
05_april_2024,Mwamba,CDC,What are policymakers’ perceptions of ECCE and LtP pedagogy?,"3b. How have you observed Learning through Play in the field, the Zambian schooling system, or abroad?",53,3b,interviewer,NA,NA,NA,NA,NA,NA,NA,NA,NA,NA,NA,NA,NA,NA
05_april_2024,Mwamba,CDC,What are policymakers’ perceptions of ECCE and LtP pedagogy?,"3b. How have you observed Learning through Play in the field, the Zambian schooling system, or abroad?",54,How have y,interviewer,NA,NA,NA,NA,NA,NA,NA,NA,NA,NA,NA,NA,NA,NA
05_april_2024,Mwamba,CDC,What are policymakers’ perceptions of ECCE and LtP pedagogy?,"3b. How have you observed Learning through Play in the field, the Zambian schooling system, or abroad?",55,Not asked,respondent,NA,NA,NA,NA,NA,NA,NA,NA,NA,NA,NA,NA,NA,NA
05_april_2024,Mwamba,CDC,What are policymakers’ perceptions of ECCE and LtP pedagogy?,4. What do you see as the pros and cons of a play-approach to instruction in ECE?,56,What do yo,interviewer,NA,NA,NA,NA,NA,NA,NA,NA,NA,NA,NA,NA,NA,NA
05_april_2024,Mwamba,CDC,What are policymakers’ perceptions of ECCE and LtP pedagogy?,4. What do you see as the pros and cons of a play-approach to instruction in ECE?,57,I will sta,respondent,NA,Cognitive / learning,NA,NA,NA,NA,NA,NA,NA,NA,NA,NA,NA,Vague learning
05_april_2024,Mwamba,CDC,What are policymakers’ perceptions of ECCE and LtP pedagogy?,4. What do you see as the pros and cons of a play-approach to instruction in ECE?,58,The other ,respondent,NA,"Engagement / motivation
Hands on/ interactive
Lenguage",NA,NA,NA,NA,Early outcomes,Valuable,NA,Implementation,NA,NA,NA,"Academic topics hidden inside play activities
Helps shy students to engage
Refers to hands on activity"
05_april_2024,Mwamba,CDC,What are policymakers’ perceptions of ECCE and LtP pedagogy?,4. What do you see as the pros and cons of a play-approach to instruction in ECE?,59,NA,respondent,NA,NA,NA,NA,NA,NA,NA,NA,NA,NA,NA,NA,NA,NA
05_april_2024,Mwamba,CDC,What are policymakers’ perceptions of ECCE and LtP pedagogy?,4. What do you see as the pros and cons of a play-approach to instruction in ECE?,60,So already,respondent,NA,Language,NA,NA,NA,NA,Experiential evidence,Valuable,NA,NA,NA,NA,NA,Language development enhanced
05_april_2024,Mwamba,CDC,What are policymakers’ perceptions of ECCE and LtP pedagogy?,4. What do you see as the pros and cons of a play-approach to instruction in ECE?,61,"Yes, and t",respondent,NA,NA,NA,NA,NA,NA,NA,NA,NA,NA,NA,NA,NA,NA
05_april_2024,Mwamba,CDC,What are policymakers’ perceptions of ECCE and LtP pedagogy?,4. What do you see as the pros and cons of a play-approach to instruction in ECE?,62,"So, those ",respondent,NA,NA,NA,NA,NA,NA,NA,NA,NA,NA,NA,NA,NA,NA
05_april_2024,Mwamba,CDC,What are policymakers’ perceptions of ECCE and LtP pedagogy?,4. What do you see as the pros and cons of a play-approach to instruction in ECE?,63,And the co,interviewer,NA,NA,NA,NA,NA,NA,NA,NA,NA,NA,NA,NA,NA,NA
05_april_2024,Mwamba,CDC,What are policymakers’ perceptions of ECCE and LtP pedagogy?,4. What do you see as the pros and cons of a play-approach to instruction in ECE?,64,The cons w,respondent,NA,NA,NA,NA,NA,NA,NA,NA,"LTP understanding
Implementation","LTP understanding
Implementation",NA,NA,NA,"Takes too long
Teacher's misapplying LTP as barrier"
05_april_2024,Mwamba,CDC,What are policymakers’ perceptions of ECCE and LtP pedagogy?,4a. Why do you think this is a pro or a con? How do you know?,65,4a,interviewer,NA,NA,NA,NA,NA,NA,NA,NA,NA,NA,NA,NA,NA,NA
05_april_2024,Mwamba,CDC,What are policymakers’ perceptions of ECCE and LtP pedagogy?,4a. Why do you think this is a pro or a con? How do you know?,66,Why do you,interviewer,NA,NA,NA,NA,NA,NA,NA,NA,NA,NA,NA,NA,NA,NA
05_april_2024,Mwamba,CDC,What are policymakers’ perceptions of ECCE and LtP pedagogy?,4a. Why do you think this is a pro or a con? How do you know?,67,No data,respondent,NA,NA,NA,NA,NA,NA,NA,NA,NA,NA,NA,NA,NA,NA
05_april_2024,Mwamba,CDC,What are policymakers’ perceptions of ECCE and LtP pedagogy?,4b. What information or research has formed your views?,68,4b,interviewer,NA,NA,NA,NA,NA,NA,NA,NA,NA,NA,NA,NA,NA,NA
05_april_2024,Mwamba,CDC,What are policymakers’ perceptions of ECCE and LtP pedagogy?,4b. What information or research has formed your views?,69,What infor,interviewer,NA,NA,NA,NA,NA,NA,NA,NA,NA,NA,NA,NA,NA,NA
05_april_2024,Mwamba,CDC,What are policymakers’ perceptions of ECCE and LtP pedagogy?,4b. What information or research has formed your views?,70,No data,respondent,NA,NA,NA,NA,NA,NA,NA,NA,NA,NA,NA,NA,NA,NA
05_april_2024,Mwamba,CDC,What are policymakers’ perceptions of ECCE and LtP pedagogy?,4c. What kind of information or research do you think you would need to have a more informed opinion about Learning through Play?,71,4c,interviewer,NA,NA,NA,NA,NA,NA,NA,NA,NA,NA,NA,NA,NA,NA
05_april_2024,Mwamba,CDC,What are policymakers’ perceptions of ECCE and LtP pedagogy?,4c. What kind of information or research do you think you would need to have a more informed opinion about Learning through Play?,72,What kind ,interviewer,NA,NA,NA,NA,NA,NA,NA,NA,NA,NA,NA,NA,NA,NA
05_april_2024,Mwamba,CDC,What are policymakers’ perceptions of ECCE and LtP pedagogy?,4c. What kind of information or research do you think you would need to have a more informed opinion about Learning through Play?,73,What kind ,interviewer,NA,NA,NA,NA,NA,NA,NA,NA,NA,NA,NA,NA,NA,NA
05_april_2024,Mwamba,CDC,What are policymakers’ perceptions of ECCE and LtP pedagogy?,4c. What kind of information or research do you think you would need to have a more informed opinion about Learning through Play?,74,Oh yes ahh,respondent,Other,Child centered / agency,NA,NA,NA,NA,NA,NA,NA,NA,NA,NA,NA,Child centered as a barrier where teacher doesn't take role in instruction
05_april_2024,Mwamba,CDC,What are policymakers’ perceptions of ECCE and LtP pedagogy?,4c. What kind of information or research do you think you would need to have a more informed opinion about Learning through Play?,75,"So, becaus",respondent,Other,Child centered / agency,NA,NA,NA,NA,NA,NA,LTP understanding,LTP understanding,NA,NA,NA,Brings in class mgmt as a result of teacher misapplication
05_april_2024,Mwamba,CDC,What are policymakers’ perceptions of ECCE and LtP pedagogy?,4c. What kind of information or research do you think you would need to have a more informed opinion about Learning through Play?,76,The teache,respondent,Other,NA,NA,NA,NA,NA,Other,NA,Implementation,Implementation,Ind capacity,NA,NA,Research --> teachers. Not talking about research as much as pedagogy
05_april_2024,Mwamba,CDC,What are policymakers’ perceptions of ECCE and LtP pedagogy?,5. What do early childhood Learning through Play approaches need from your department in order to be implemented?,77,What do ea,interviewer,NA,NA,NA,NA,NA,NA,NA,NA,NA,NA,NA,NA,NA,NA
05_april_2024,Mwamba,CDC,What are policymakers’ perceptions of ECCE and LtP pedagogy?,5. What do early childhood Learning through Play approaches need from your department in order to be implemented?,78,Interestin,interviewer,NA,NA,NA,NA,NA,NA,NA,NA,NA,NA,NA,NA,NA,NA
05_april_2024,Mwamba,CDC,What are policymakers’ perceptions of ECCE and LtP pedagogy?,5. What do early childhood Learning through Play approaches need from your department in order to be implemented?,79,No respons,respondent,NA,NA,NA,NA,NA,NA,NA,NA,NA,NA,NA,NA,NA,NA
05_april_2024,Mwamba,CDC,What are policymakers’ perceptions of ECCE and LtP pedagogy?,5a. What actions have you taken and what more may be needed in the future?,80,5a,interviewer,NA,NA,NA,NA,NA,NA,NA,NA,NA,NA,NA,NA,NA,NA
05_april_2024,Mwamba,CDC,What are policymakers’ perceptions of ECCE and LtP pedagogy?,5a. What actions have you taken and what more may be needed in the future?,81,What actio,interviewer,NA,NA,NA,NA,NA,NA,NA,NA,NA,NA,NA,NA,NA,NA
05_april_2024,Mwamba,CDC,What are policymakers’ perceptions of ECCE and LtP pedagogy?,5a. What actions have you taken and what more may be needed in the future?,82,"Ok, First ",respondent,NA,NA,Capacity building with gov't,NA,NA,NA,NA,NA,NA,NA,NA,NA,Other,"Unspecified others
Capacity on how to use the manual"
05_april_2024,Mwamba,CDC,What are policymakers’ perceptions of ECCE and LtP pedagogy?,5a. What actions have you taken and what more may be needed in the future?,83,So this is,respondent,NA,NA,"Support to teacher training 
Curriculum/doc review",NA,NA,NA,NA,NA,"Curriculum/documents
Implementation","Curriculum/documents
Implementation",NA,NA,Dir of Curric Dev (CDC),Policy / curric in place. Need to capacity build at the implementation level
05_april_2024,Mwamba,CDC,What are policymakers’ perceptions of ECCE and LtP pedagogy?,5b. What current or future guidelines or frameworks would help implement early childhood Learning through Play?,84,5b,interviewer,NA,NA,NA,NA,NA,NA,NA,NA,NA,NA,NA,NA,NA,NA
05_april_2024,Mwamba,CDC,What are policymakers’ perceptions of ECCE and LtP pedagogy?,5b. What current or future guidelines or frameworks would help implement early childhood Learning through Play?,85,What curre,interviewer,NA,NA,NA,NA,NA,NA,NA,NA,NA,NA,NA,NA,NA,NA
05_april_2024,Mwamba,CDC,What are policymakers’ perceptions of ECCE and LtP pedagogy?,5b. What current or future guidelines or frameworks would help implement early childhood Learning through Play?,86,Not asked.,respondent,NA,NA,NA,NA,NA,NA,NA,NA,NA,NA,NA,NA,NA,NA
05_april_2024,Mwamba,CDC,How do government stakeholders perceive the effectiveness of PoP ECCE and LtP advocacy approaches and why?,6. How have cooperating partners (CPs) or implementing partners engaged you or your colleagues on the topic of Learning through Play?,87,How have c,interviewer,NA,NA,NA,NA,NA,NA,NA,NA,NA,NA,NA,NA,NA,NA
05_april_2024,Mwamba,CDC,How do government stakeholders perceive the effectiveness of PoP ECCE and LtP advocacy approaches and why?,6. How have cooperating partners (CPs) or implementing partners engaged you or your colleagues on the topic of Learning through Play?,88,First of a,respondent,NA,NA,Capacity building with gov't,Valuable,Open response,NA,NA,NA,NA,NA,LTP understanding,NA,NA,LTP specific training of dept
05_april_2024,Mwamba,CDC,How do government stakeholders perceive the effectiveness of PoP ECCE and LtP advocacy approaches and why?,6. How have cooperating partners (CPs) or implementing partners engaged you or your colleagues on the topic of Learning through Play?,89,I was aske,respondent,NA,NA,Capacity building with gov't,NA,NA,NA,NA,NA,NA,NA,NA,NA,NA,"More training needed, for a wider group of govt officials"
05_april_2024,Mwamba,CDC,How do government stakeholders perceive the effectiveness of PoP ECCE and LtP advocacy approaches and why?,6. How have cooperating partners (CPs) or implementing partners engaged you or your colleagues on the topic of Learning through Play?,90,The other ,respondent,NA,NA,NA,NA,NA,NA,NA,NA,NA,NA,NA,NA,NA,NA
05_april_2024,Mwamba,CDC,How do government stakeholders perceive the effectiveness of PoP ECCE and LtP advocacy approaches and why?,6a. What cooperating partners do you work with regularly?,91,6a,interviewer,NA,NA,NA,NA,NA,NA,NA,NA,NA,NA,NA,NA,NA,NA
05_april_2024,Mwamba,CDC,How do government stakeholders perceive the effectiveness of PoP ECCE and LtP advocacy approaches and why?,6a. What cooperating partners do you work with regularly?,92,What coope,interviewer,NA,NA,NA,NA,NA,NA,NA,NA,NA,NA,NA,NA,NA,NA
05_april_2024,Mwamba,CDC,How do government stakeholders perceive the effectiveness of PoP ECCE and LtP advocacy approaches and why?,6a. What cooperating partners do you work with regularly?,93,Ayn other ,interviewer,NA,NA,NA,NA,NA,NA,NA,NA,NA,NA,NA,NA,NA,NA
05_april_2024,Mwamba,CDC,How do government stakeholders perceive the effectiveness of PoP ECCE and LtP advocacy approaches and why?,6a. What cooperating partners do you work with regularly?,94,"Yes, I wou",respondent,NA,NA,Curriculum/doc review,Valuable,Open response,NA,NA,NA,NA,NA,NA,NA,NA,"Sharing notes in what is included in frameworks, asking partners to submit  / engage gov't on docs"
05_april_2024,Mwamba,CDC,How do government stakeholders perceive the effectiveness of PoP ECCE and LtP advocacy approaches and why?,6a. What cooperating partners do you work with regularly?,95,NA,respondent,NA,NA,NA,NA,NA,NA,NA,NA,NA,NA,NA,NA,NA,NA
05_april_2024,Mwamba,CDC,How do government stakeholders perceive the effectiveness of PoP ECCE and LtP advocacy approaches and why?,6a. What cooperating partners do you work with regularly?,96,NA,respondent,NA,NA,NA,NA,NA,NA,NA,NA,NA,NA,NA,NA,NA,NA
05_april_2024,Mwamba,CDC,How do government stakeholders perceive the effectiveness of PoP ECCE and LtP advocacy approaches and why?,6a. What cooperating partners do you work with regularly?,97,And we so ,respondent,NA,NA,NA,NA,NA,NA,NA,NA,NA,NA,NA,NA,NA,NA
05_april_2024,Mwamba,CDC,How do government stakeholders perceive the effectiveness of PoP ECCE and LtP advocacy approaches and why?,6a. What cooperating partners do you work with regularly?,98,Do you hav,interviewer,NA,NA,NA,NA,NA,NA,NA,NA,NA,NA,NA,NA,NA,NA
05_april_2024,Mwamba,CDC,How do government stakeholders perceive the effectiveness of PoP ECCE and LtP advocacy approaches and why?,6a. What cooperating partners do you work with regularly?,99,"Yes, in so",respondent,NA,NA,NA,NA,NA,NA,NA,NA,NA,NA,NA,NA,NA,NA
05_april_2024,Mwamba,CDC,How do government stakeholders perceive the effectiveness of PoP ECCE and LtP advocacy approaches and why?,6a. What cooperating partners do you work with regularly?,100,Yeah they ,respondent,NA,NA,NA,NA,NA,NA,Transferability,Valuable,NA,NA,Implementation,NA,NA,"Vague - help with advising, implementation, checking
Clear mention of foreigners suggesting based on their exposure / different views
This is mentioned via implementation"
05_april_2024,Mwamba,CDC,How do government stakeholders perceive the effectiveness of PoP ECCE and LtP advocacy approaches and why?,6a. What cooperating partners do you work with regularly?,101,NA,respondent,NA,NA,NA,NA,NA,NA,NA,NA,NA,NA,NA,NA,NA,NA
05_april_2024,Mwamba,CDC,How do government stakeholders perceive the effectiveness of PoP ECCE and LtP advocacy approaches and why?,6b. What do you do with them?,102,6b,interviewer,NA,NA,NA,NA,NA,NA,NA,NA,NA,NA,NA,NA,NA,NA
05_april_2024,Mwamba,CDC,How do government stakeholders perceive the effectiveness of PoP ECCE and LtP advocacy approaches and why?,6b. What do you do with them?,103,What do yo,interviewer,NA,NA,NA,NA,NA,NA,NA,NA,NA,NA,NA,NA,NA,NA
05_april_2024,Mwamba,CDC,How do government stakeholders perceive the effectiveness of PoP ECCE and LtP advocacy approaches and why?,6b. What do you do with them?,104,Not asked.,respondent,NA,NA,NA,NA,NA,NA,NA,NA,NA,NA,NA,NA,NA,NA
05_april_2024,Mwamba,CDC,How do government stakeholders perceive the effectiveness of PoP ECCE and LtP advocacy approaches and why?,"7. Considering all government engagements with cooperating partners, what activities are the most influential to you and your colleagues in building your knowledge or support for Learning through Play and ECE? Why? What activities are least influential to you and your colleagues? Why?",105,Considerin,interviewer,NA,NA,NA,NA,NA,NA,NA,NA,NA,NA,NA,NA,NA,NA
05_april_2024,Mwamba,CDC,How do government stakeholders perceive the effectiveness of PoP ECCE and LtP advocacy approaches and why?,"7. Considering all government engagements with cooperating partners, what activities are the most influential to you and your colleagues in building your knowledge or support for Learning through Play and ECE? Why? What activities are least influential to you and your colleagues? Why?",106,The activi,respondent,NA,NA,NA,NA,NA,NA,NA,NA,NA,NA,NA,NA,NA,NA
05_april_2024,Mwamba,CDC,How do government stakeholders perceive the effectiveness of PoP ECCE and LtP advocacy approaches and why?,"7. Considering all government engagements with cooperating partners, what activities are the most influential to you and your colleagues in building your knowledge or support for Learning through Play and ECE? Why? What activities are least influential to you and your colleagues? Why?",107,"Yes, we ar",interviewer,NA,NA,NA,NA,NA,NA,NA,NA,NA,NA,NA,NA,NA,NA
05_april_2024,Mwamba,CDC,How do government stakeholders perceive the effectiveness of PoP ECCE and LtP advocacy approaches and why?,"7. Considering all government engagements with cooperating partners, what activities are the most influential to you and your colleagues in building your knowledge or support for Learning through Play and ECE? Why? What activities are least influential to you and your colleagues? Why?",108,Ummm is it,respondent,NA,NA,NA,NA,NA,NA,NA,NA,NA,NA,NA,NA,NA,NA
05_april_2024,Mwamba,CDC,How do government stakeholders perceive the effectiveness of PoP ECCE and LtP advocacy approaches and why?,"7. Considering all government engagements with cooperating partners, what activities are the most influential to you and your colleagues in building your knowledge or support for Learning through Play and ECE? Why? What activities are least influential to you and your colleagues? Why?",109,We are tal,interviewer,NA,NA,NA,NA,NA,NA,NA,NA,NA,NA,NA,NA,NA,NA
05_april_2024,Mwamba,CDC,How do government stakeholders perceive the effectiveness of PoP ECCE and LtP advocacy approaches and why?,"7. Considering all government engagements with cooperating partners, what activities are the most influential to you and your colleagues in building your knowledge or support for Learning through Play and ECE? Why? What activities are least influential to you and your colleagues? Why?",110,"Ok so, the",respondent,NA,NA,Curriculum/doc review,Valuable,Open response,NA,NA,NA,"LTP understanding
Curriculum/documents","LTP understanding
Curriculum/documents",NA,NA,NA,Materials efectively guide teachers
05_april_2025,Mwamba,CDC,How do government stakeholders perceive the effectiveness of PoP ECCE and LtP advocacy approaches and why?,"7. Considering all government engagements with cooperating partners, what activities are the most influential to you and your colleagues in building your knowledge or support for Learning through Play and ECE? Why? What activities are least influential to you and your colleagues? Why?",110.1,for the fi,NA,NA,NA,"Regional study visits (int'l field trips)
Field visits",Valuable,Open response,NA,Transferability,NA,NA,NA,"LTP understanding
Leadership/strategy
Implementation",NA,NA,"Power of good examples -- well selected LTP examples
Increased knowledge of LTP"
05_april_2024,Mwamba,CDC,How do government stakeholders perceive the effectiveness of PoP ECCE and LtP advocacy approaches and why?,"7. Considering all government engagements with cooperating partners, what activities are the most influential to you and your colleagues in building your knowledge or support for Learning through Play and ECE? Why? What activities are least influential to you and your colleagues? Why?",111,NA,respondent,NA,NA,NA,NA,NA,NA,NA,NA,NA,NA,NA,NA,NA,NA
05_april_2024,Mwamba,CDC,How do government stakeholders perceive the effectiveness of PoP ECCE and LtP advocacy approaches and why?,"7. Considering all government engagements with cooperating partners, what activities are the most influential to you and your colleagues in building your knowledge or support for Learning through Play and ECE? Why? What activities are least influential to you and your colleagues? Why?",112,So this is,respondent,NA,NA,NA,NA,NA,NA,NA,NA,NA,NA,NA,NA,NA,NA
05_april_2024,Mwamba,CDC,How do government stakeholders perceive the effectiveness of PoP ECCE and LtP advocacy approaches and why?,"7. Considering all government engagements with cooperating partners, what activities are the most influential to you and your colleagues in building your knowledge or support for Learning through Play and ECE? Why? What activities are least influential to you and your colleagues? Why?",113,Thank you ,interviewer,NA,NA,NA,NA,NA,NA,NA,NA,NA,NA,NA,NA,NA,NA
05_april_2024,Mwamba,CDC,How do government stakeholders perceive the effectiveness of PoP ECCE and LtP advocacy approaches and why?,"7. Considering all government engagements with cooperating partners, what activities are the most influential to you and your colleagues in building your knowledge or support for Learning through Play and ECE? Why? What activities are least influential to you and your colleagues? Why?",114,Where part,respondent,NA,NA,Curriculum/doc review,Not valuable,Open response,NA,NA,NA,NA,NA,NA,NA,Permanent secretary (PS),"Dev independently as a barrier
Takes offense to govt docs 'not bieng good enough'
PS permission"
05_april_2024,Mwamba,CDC,How do government stakeholders perceive the effectiveness of PoP ECCE and LtP advocacy approaches and why?,"7. Considering all government engagements with cooperating partners, what activities are the most influential to you and your colleagues in building your knowledge or support for Learning through Play and ECE? Why? What activities are least influential to you and your colleagues? Why?",115,Yeah reall,respondent,NA,NA,Other,NA,NA,NA,NA,NA,NA,NA,NA,NA,Other,Partners need to engage the right directorates
05_april_2024,Mwamba,CDC,How do government stakeholders perceive the effectiveness of PoP ECCE and LtP advocacy approaches and why?,"8. I will read you some engagements that VVOB, as a cooperating partner, has told us about in preparing for this interview. Can you comment briefly on whether you or your colleagues are aware of the participation of the partners in the engagement, how valuable is that participation to you or your colleagues, and what kind of value does it offer?",116,I will rea,interviewer,NA,NA,NA,NA,NA,NA,NA,NA,NA,NA,NA,NA,NA,NA
05_april_2024,Mwamba,CDC,How do government stakeholders perceive the effectiveness of PoP ECCE and LtP advocacy approaches and why?,"8. I will read you some engagements that VVOB, as a cooperating partner, has told us about in preparing for this interview. Can you comment briefly on whether you or your colleagues are aware of the participation of the partners in the engagement, how valuable is that participation to you or your colleagues, and what kind of value does it offer?",117,Can you co,interviewer,NA,NA,NA,NA,NA,NA,NA,NA,NA,NA,NA,NA,NA,NA
05_april_2024,Mwamba,CDC,How do government stakeholders perceive the effectiveness of PoP ECCE and LtP advocacy approaches and why?,"8. I will read you some engagements that VVOB, as a cooperating partner, has told us about in preparing for this interview. Can you comment briefly on whether you or your colleagues are aware of the participation of the partners in the engagement, how valuable is that participation to you or your colleagues, and what kind of value does it offer?",118,Questions ,interviewer,NA,NA,NA,NA,NA,NA,NA,NA,NA,NA,NA,NA,NA,NA
05_april_2024,Mwamba,CDC,How do government stakeholders perceive the effectiveness of PoP ECCE and LtP advocacy approaches and why?,"8. I will read you some engagements that VVOB, as a cooperating partner, has told us about in preparing for this interview. Can you comment briefly on whether you or your colleagues are aware of the participation of the partners in the engagement, how valuable is that participation to you or your colleagues, and what kind of value does it offer?",119,Are you aw,interviewer,NA,NA,NA,NA,NA,NA,NA,NA,NA,NA,NA,NA,NA,NA
05_april_2024,Mwamba,CDC,How do government stakeholders perceive the effectiveness of PoP ECCE and LtP advocacy approaches and why?,"8. I will read you some engagements that VVOB, as a cooperating partner, has told us about in preparing for this interview. Can you comment briefly on whether you or your colleagues are aware of the participation of the partners in the engagement, how valuable is that participation to you or your colleagues, and what kind of value does it offer?",120,How valuab,interviewer,NA,NA,NA,NA,NA,NA,NA,NA,NA,NA,NA,NA,NA,NA
05_april_2024,Mwamba,CDC,How do government stakeholders perceive the effectiveness of PoP ECCE and LtP advocacy approaches and why?,"8. I will read you some engagements that VVOB, as a cooperating partner, has told us about in preparing for this interview. Can you comment briefly on whether you or your colleagues are aware of the participation of the partners in the engagement, how valuable is that participation to you or your colleagues, and what kind of value does it offer?",121,What kind ,interviewer,NA,NA,NA,NA,NA,NA,NA,NA,NA,NA,NA,NA,NA,NA
05_april_2024,Mwamba,CDC,How do government stakeholders perceive the effectiveness of PoP ECCE and LtP advocacy approaches and why?,"8. I will read you some engagements that VVOB, as a cooperating partner, has told us about in preparing for this interview. Can you comment briefly on whether you or your colleagues are aware of the participation of the partners in the engagement, how valuable is that participation to you or your colleagues, and what kind of value does it offer?",122,Who were t,interviewer,NA,NA,NA,NA,NA,NA,NA,NA,NA,NA,NA,NA,NA,NA
05_april_2024,Mwamba,CDC,How do government stakeholders perceive the effectiveness of PoP ECCE and LtP advocacy approaches and why?,"8a. Support to review of curriculum and teacher development documents (eg. teacher manuals, ECE curriculum)",123,8a,interviewer,NA,NA,NA,NA,NA,NA,NA,NA,NA,NA,NA,NA,NA,NA
05_april_2024,Mwamba,CDC,How do government stakeholders perceive the effectiveness of PoP ECCE and LtP advocacy approaches and why?,"8a. Support to review of curriculum and teacher development documents (eg. teacher manuals, ECE curriculum)",124,Support to,interviewer,NA,NA,NA,NA,NA,NA,NA,NA,NA,NA,NA,NA,NA,NA
05_april_2024,Mwamba,CDC,How do government stakeholders perceive the effectiveness of PoP ECCE and LtP advocacy approaches and why?,"8a. Support to review of curriculum and teacher development documents (eg. teacher manuals, ECE curriculum)",125,teacher ma,interviewer,NA,NA,NA,NA,NA,NA,NA,NA,NA,NA,NA,NA,NA,NA
05_april_2024,Mwamba,CDC,How do government stakeholders perceive the effectiveness of PoP ECCE and LtP advocacy approaches and why?,"8a. Support to review of curriculum and teacher development documents (eg. teacher manuals, ECE curriculum)",126,Are you aw,interviewer,NA,NA,NA,NA,NA,NA,NA,NA,NA,NA,NA,NA,NA,NA
05_april_2024,Mwamba,CDC,How do government stakeholders perceive the effectiveness of PoP ECCE and LtP advocacy approaches and why?,"8a. Support to review of curriculum and teacher development documents (eg. teacher manuals, ECE curriculum)",127,Yes.,respondent,NA,NA,Curriculum/doc review,NA,Question 8,Aware,NA,NA,NA,NA,NA,NA,NA,NA
05_april_2024,Mwamba,CDC,How do government stakeholders perceive the effectiveness of PoP ECCE and LtP advocacy approaches and why?,"8a. Support to review of curriculum and teacher development documents (eg. teacher manuals, ECE curriculum)",128,How valuab,interviewer,NA,NA,NA,NA,NA,NA,NA,NA,NA,NA,NA,NA,NA,NA
05_april_2024,Mwamba,CDC,How do government stakeholders perceive the effectiveness of PoP ECCE and LtP advocacy approaches and why?,"8a. Support to review of curriculum and teacher development documents (eg. teacher manuals, ECE curriculum)",129,It was ver,respondent,NA,NA,Curriculum/doc review,Valuable,Question 8,NA,NA,NA,NA,NA,NA,VVOB,NA,"Aligned with submission that CDC was working on at the time. 
VVOB interacted personally, as an org, and interacted in the meeting itself"
05_april_2024,Mwamba,CDC,How do government stakeholders perceive the effectiveness of PoP ECCE and LtP advocacy approaches and why?,"8a. Support to review of curriculum and teacher development documents (eg. teacher manuals, ECE curriculum)",130,That was v,respondent,NA,NA,NA,NA,NA,NA,NA,NA,NA,NA,NA,NA,NA,NA
05_april_2024,Mwamba,CDC,How do government stakeholders perceive the effectiveness of PoP ECCE and LtP advocacy approaches and why?,"8a. Support to review of curriculum and teacher development documents (eg. teacher manuals, ECE curriculum)",131,Any other ,interviewer,NA,NA,NA,NA,NA,NA,NA,NA,NA,NA,NA,NA,NA,NA
05_april_2024,Mwamba,CDC,How do government stakeholders perceive the effectiveness of PoP ECCE and LtP advocacy approaches and why?,"8a. Support to review of curriculum and teacher development documents (eg. teacher manuals, ECE curriculum)",132,Well yeah ,respondent,NA,NA,Curriculum/doc review,NA,Question 8,NA,NA,NA,NA,NA,NA,UNICEF,NA,UNICEF involvement
05_april_2024,Mwamba,CDC,How do government stakeholders perceive the effectiveness of PoP ECCE and LtP advocacy approaches and why?,"8b. Site and Coaching visits (eg. accompanying officials in the field to observe schools, coaches, etc.)",133,8b,interviewer,NA,NA,NA,NA,NA,NA,NA,NA,NA,NA,NA,NA,NA,NA
05_april_2024,Mwamba,CDC,How do government stakeholders perceive the effectiveness of PoP ECCE and LtP advocacy approaches and why?,"8b. Site and Coaching visits (eg. accompanying officials in the field to observe schools, coaches, etc.)",134,Site and C,interviewer,NA,NA,NA,NA,NA,NA,NA,NA,NA,NA,NA,NA,NA,NA
05_april_2024,Mwamba,CDC,How do government stakeholders perceive the effectiveness of PoP ECCE and LtP advocacy approaches and why?,"8b. Site and Coaching visits (eg. accompanying officials in the field to observe schools, coaches, etc.)",135,accompanyi,interviewer,NA,NA,NA,NA,NA,NA,NA,NA,NA,NA,NA,NA,NA,NA
05_april_2024,Mwamba,CDC,How do government stakeholders perceive the effectiveness of PoP ECCE and LtP advocacy approaches and why?,"8b. Site and Coaching visits (eg. accompanying officials in the field to observe schools, coaches, etc.)",136,Participat,interviewer,NA,NA,NA,NA,NA,NA,NA,NA,NA,NA,NA,NA,NA,NA
05_april_2024,Mwamba,CDC,How do government stakeholders perceive the effectiveness of PoP ECCE and LtP advocacy approaches and why?,"8b. Site and Coaching visits (eg. accompanying officials in the field to observe schools, coaches, etc.)",137,Are you aw,interviewer,NA,NA,NA,NA,NA,NA,NA,NA,NA,NA,NA,NA,NA,NA
05_april_2024,Mwamba,CDC,How do government stakeholders perceive the effectiveness of PoP ECCE and LtP advocacy approaches and why?,"8b. Site and Coaching visits (eg. accompanying officials in the field to observe schools, coaches, etc.)",138,In LTP esp,respondent,NA,NA,Field visits,NA,Question 8,Aware,NA,NA,NA,NA,NA,NA,NA,NA
05_april_2024,Mwamba,CDC,How do government stakeholders perceive the effectiveness of PoP ECCE and LtP advocacy approaches and why?,"8b. Site and Coaching visits (eg. accompanying officials in the field to observe schools, coaches, etc.)",139,How valuab,interviewer,NA,NA,NA,NA,NA,NA,NA,NA,NA,NA,NA,NA,NA,NA
05_april_2024,Mwamba,CDC,How do government stakeholders perceive the effectiveness of PoP ECCE and LtP advocacy approaches and why?,"8b. Site and Coaching visits (eg. accompanying officials in the field to observe schools, coaches, etc.)",140,Very valua,respondent,NA,NA,Field visits,Valuable,Question 8,NA,NA,NA,NA,NA,NA,NA,NA,NA
05_april_2024,Mwamba,CDC,How do government stakeholders perceive the effectiveness of PoP ECCE and LtP advocacy approaches and why?,"8b. Site and Coaching visits (eg. accompanying officials in the field to observe schools, coaches, etc.)",141,What kind ,interviewer,NA,NA,NA,NA,NA,NA,NA,NA,NA,NA,NA,NA,NA,NA
05_april_2024,Mwamba,CDC,How do government stakeholders perceive the effectiveness of PoP ECCE and LtP advocacy approaches and why?,"8b. Site and Coaching visits (eg. accompanying officials in the field to observe schools, coaches, etc.)",142,Yeah the v,respondent,NA,NA,Field visits,NA,Question 8,NA,NA,NA,NA,NA,NA,NA,NA,"Trainings DURING the field visits valuable to knowledge (specific reference to powerpoints)
"
05_april_2024,Mwamba,CDC,How do government stakeholders perceive the effectiveness of PoP ECCE and LtP advocacy approaches and why?,"8b. Site and Coaching visits (eg. accompanying officials in the field to observe schools, coaches, etc.)",143,And this i,interviewer,NA,NA,NA,NA,NA,NA,NA,NA,NA,NA,NA,NA,NA,NA
05_april_2024,Mwamba,CDC,How do government stakeholders perceive the effectiveness of PoP ECCE and LtP advocacy approaches and why?,"8b. Site and Coaching visits (eg. accompanying officials in the field to observe schools, coaches, etc.)",144,On the coa,respondent,NA,NA,NA,NA,NA,NA,NA,NA,NA,NA,NA,NA,NA,NA
05_april_2024,Mwamba,CDC,How do government stakeholders perceive the effectiveness of PoP ECCE and LtP advocacy approaches and why?,"8b. Site and Coaching visits (eg. accompanying officials in the field to observe schools, coaches, etc.)",145,As the min,respondent,NA,NA,Field visits,NA,Question 8,NA,NA,NA,NA,NA,NA,NA,NA,"Accompanied monitoring / mentoring
Helps to understand support role (not creating fear, comfortable relation with teachers)"
05_april_2024,Mwamba,CDC,How do government stakeholders perceive the effectiveness of PoP ECCE and LtP advocacy approaches and why?,"8b. Site and Coaching visits (eg. accompanying officials in the field to observe schools, coaches, etc.)",146,Thank you ,interviewer,NA,NA,NA,NA,NA,NA,NA,NA,NA,NA,NA,NA,NA,NA
05_april_2024,Mwamba,CDC,How do government stakeholders perceive the effectiveness of PoP ECCE and LtP advocacy approaches and why?,8c. Participation on the PCC (Project Coordinating Committee); particularly on the ECE subcommittee,147,8c,interviewer,NA,NA,NA,NA,NA,NA,NA,NA,NA,NA,NA,NA,NA,NA
05_april_2024,Mwamba,CDC,How do government stakeholders perceive the effectiveness of PoP ECCE and LtP advocacy approaches and why?,8c. Participation on the PCC (Project Coordinating Committee); particularly on the ECE subcommittee,148,Participat,interviewer,NA,NA,NA,NA,NA,NA,NA,NA,NA,NA,NA,NA,NA,NA
05_april_2024,Mwamba,CDC,How do government stakeholders perceive the effectiveness of PoP ECCE and LtP advocacy approaches and why?,8c. Participation on the PCC (Project Coordinating Committee); particularly on the ECE subcommittee,149,Probe here,interviewer,NA,NA,NA,NA,NA,NA,NA,NA,NA,NA,NA,NA,NA,NA
05_april_2024,Mwamba,CDC,How do government stakeholders perceive the effectiveness of PoP ECCE and LtP advocacy approaches and why?,8c. Participation on the PCC (Project Coordinating Committee); particularly on the ECE subcommittee,150,Are you aw,interviewer,NA,NA,NA,NA,NA,NA,NA,NA,NA,NA,NA,NA,NA,NA
05_april_2024,Mwamba,CDC,How do government stakeholders perceive the effectiveness of PoP ECCE and LtP advocacy approaches and why?,8c. Participation on the PCC (Project Coordinating Committee); particularly on the ECE subcommittee,151,How valuab,interviewer,NA,NA,NA,NA,NA,NA,NA,NA,NA,NA,NA,NA,NA,NA
05_april_2024,Mwamba,CDC,How do government stakeholders perceive the effectiveness of PoP ECCE and LtP advocacy approaches and why?,8c. Participation on the PCC (Project Coordinating Committee); particularly on the ECE subcommittee,152,What kind ,interviewer,NA,NA,NA,NA,NA,NA,NA,NA,NA,NA,NA,NA,NA,NA
05_april_2024,Mwamba,CDC,How do government stakeholders perceive the effectiveness of PoP ECCE and LtP advocacy approaches and why?,8c. Participation on the PCC (Project Coordinating Committee); particularly on the ECE subcommittee,153,Who were t,interviewer,NA,NA,NA,NA,NA,NA,NA,NA,NA,NA,NA,NA,NA,NA
05_april_2024,Mwamba,CDC,How do government stakeholders perceive the effectiveness of PoP ECCE and LtP advocacy approaches and why?,8c. Participation on the PCC (Project Coordinating Committee); particularly on the ECE subcommittee,154,The commit,respondent,NA,NA,NA,NA,NA,NA,NA,NA,NA,NA,NA,NA,NA,NA
05_april_2024,Mwamba,CDC,How do government stakeholders perceive the effectiveness of PoP ECCE and LtP advocacy approaches and why?,8c. Participation on the PCC (Project Coordinating Committee); particularly on the ECE subcommittee,155,Maybe anot,interviewer,NA,NA,NA,NA,NA,NA,NA,NA,NA,NA,NA,NA,NA,NA
05_april_2024,Mwamba,CDC,How do government stakeholders perceive the effectiveness of PoP ECCE and LtP advocacy approaches and why?,8c. Participation on the PCC (Project Coordinating Committee); particularly on the ECE subcommittee,156,I think it,respondent,NA,NA,Project Coordinating Committee (has subcommittees),Mixed,Question 8,NA,NA,NA,NA,NA,NA,NA,NA,NA
05_april_2024,Mwamba,CDC,How do government stakeholders perceive the effectiveness of PoP ECCE and LtP advocacy approaches and why?,8c. Participation on the PCC (Project Coordinating Committee); particularly on the ECE subcommittee,157,I think th,respondent,NA,NA,Project Coordinating Committee (has subcommittees),NA,Question 8,Aware,NA,NA,NA,NA,NA,NA,NA,NA
05_april_2024,Mwamba,CDC,How do government stakeholders perceive the effectiveness of PoP ECCE and LtP advocacy approaches and why?,8c. Participation on the PCC (Project Coordinating Committee); particularly on the ECE subcommittee,158,What kind ,interviewer,NA,NA,NA,NA,NA,NA,NA,NA,NA,NA,NA,NA,NA,NA
05_april_2024,Mwamba,CDC,How do government stakeholders perceive the effectiveness of PoP ECCE and LtP advocacy approaches and why?,8c. Participation on the PCC (Project Coordinating Committee); particularly on the ECE subcommittee,159,Ahhh they ,respondent,NA,NA,Project Coordinating Committee (has subcommittees),Valuable,Question 8,NA,NA,NA,NA,NA,NA,NA,NA,Technical + financial support
05_april_2024,Mwamba,CDC,How do government stakeholders perceive the effectiveness of PoP ECCE and LtP advocacy approaches and why?,8c. Participation on the PCC (Project Coordinating Committee); particularly on the ECE subcommittee,160,I think it,respondent,NA,NA,NA,NA,NA,NA,NA,NA,NA,NA,NA,NA,NA,NA
05_april_2024,Mwamba,CDC,How do government stakeholders perceive the effectiveness of PoP ECCE and LtP advocacy approaches and why?,"8d. Regional study visits (for viewing Learning through Play across eastern Africa, trip to Rwanda last year, hosted in Zambia for visitors from Rwanda and Uganda 2 years ago)",161,8d,interviewer,NA,NA,NA,NA,NA,NA,NA,NA,NA,NA,NA,NA,NA,NA
05_april_2024,Mwamba,CDC,How do government stakeholders perceive the effectiveness of PoP ECCE and LtP advocacy approaches and why?,"8d. Regional study visits (for viewing Learning through Play across eastern Africa, trip to Rwanda last year, hosted in Zambia for visitors from Rwanda and Uganda 2 years ago)",162,Regional s,interviewer,NA,NA,NA,NA,NA,NA,NA,NA,NA,NA,NA,NA,NA,NA
05_april_2024,Mwamba,CDC,How do government stakeholders perceive the effectiveness of PoP ECCE and LtP advocacy approaches and why?,"8d. Regional study visits (for viewing Learning through Play across eastern Africa, trip to Rwanda last year, hosted in Zambia for visitors from Rwanda and Uganda 2 years ago)",163,"Yes, VVOB ",respondent,NA,NA,Regional study visits (int'l field trips),NA,Question 8,Aware,NA,NA,NA,NA,NA,NA,NA,NA
05_april_2024,Mwamba,CDC,How do government stakeholders perceive the effectiveness of PoP ECCE and LtP advocacy approaches and why?,"8d. Regional study visits (for viewing Learning through Play across eastern Africa, trip to Rwanda last year, hosted in Zambia for visitors from Rwanda and Uganda 2 years ago)",164,How valuab,interviewer,NA,NA,NA,NA,NA,NA,NA,NA,NA,NA,NA,NA,NA,NA
05_april_2024,Mwamba,CDC,How do government stakeholders perceive the effectiveness of PoP ECCE and LtP advocacy approaches and why?,"8d. Regional study visits (for viewing Learning through Play across eastern Africa, trip to Rwanda last year, hosted in Zambia for visitors from Rwanda and Uganda 2 years ago)",165,It was val,respondent,NA,NA,Regional study visits (int'l field trips),Valuable,Question 8,NA,NA,NA,NA,NA,NA,NA,NA,"Exposure
Interacting with difference teachers
A different place altogether is eye opener -- seeing different infrastructure"
05_april_2024,Mwamba,CDC,How do government stakeholders perceive the effectiveness of PoP ECCE and LtP advocacy approaches and why?,"8d. Regional study visits (for viewing Learning through Play across eastern Africa, trip to Rwanda last year, hosted in Zambia for visitors from Rwanda and Uganda 2 years ago)",166,That’s the,respondent,NA,NA,Regional study visits (int'l field trips),NA,Question 8,NA,NA,NA,NA,NA,NA,NA,NA,Enhancing ECE understanding
05_april_2024,Mwamba,CDC,How do government stakeholders perceive the effectiveness of PoP ECCE and LtP advocacy approaches and why?,"8d. Regional study visits (for viewing Learning through Play across eastern Africa, trip to Rwanda last year, hosted in Zambia for visitors from Rwanda and Uganda 2 years ago)",167,"Yeah so, t",respondent,NA,NA,NA,NA,NA,NA,NA,NA,NA,NA,NA,NA,NA,NA
05_april_2024,Mwamba,CDC,How do government stakeholders perceive the effectiveness of PoP ECCE and LtP advocacy approaches and why?,"8d. Regional study visits (for viewing Learning through Play across eastern Africa, trip to Rwanda last year, hosted in Zambia for visitors from Rwanda and Uganda 2 years ago)",168,There was ,respondent,NA,NA,Regional study visits (int'l field trips),NA,NA,NA,NA,NA,NA,NA,NA,NA,NA,Accompaniment to know what to look for (in the play) iimportant to being able to see the learning.
05_april_2024,Mwamba,CDC,How do government stakeholders perceive the effectiveness of PoP ECCE and LtP advocacy approaches and why?,8e. Support to teacher training implementation at district levels,169,8e,interviewer,NA,NA,NA,NA,NA,NA,NA,NA,NA,NA,NA,NA,NA,NA
05_april_2024,Mwamba,CDC,How do government stakeholders perceive the effectiveness of PoP ECCE and LtP advocacy approaches and why?,8e. Support to teacher training implementation at district levels,170,Support to,interviewer,NA,NA,NA,NA,NA,NA,NA,NA,NA,NA,NA,NA,NA,NA
05_april_2024,Mwamba,CDC,How do government stakeholders perceive the effectiveness of PoP ECCE and LtP advocacy approaches and why?,8e. Support to teacher training implementation at district levels,171,Do you hav,interviewer,NA,NA,NA,NA,NA,NA,NA,NA,NA,NA,NA,NA,NA,NA
05_april_2024,Mwamba,CDC,How do government stakeholders perceive the effectiveness of PoP ECCE and LtP advocacy approaches and why?,8e. Support to teacher training implementation at district levels,172,"Yes, we ha",respondent,NA,NA,Support to teacher training,NA,Question 8,Aware,NA,NA,NA,NA,NA,NA,NA,NA
05_april_2024,Mwamba,CDC,How do government stakeholders perceive the effectiveness of PoP ECCE and LtP advocacy approaches and why?,8e. Support to teacher training implementation at district levels,173,I think VV,respondent,NA,NA,Support to teacher training,Mixed,Question 8,NA,NA,NA,NA,NA,NA,NA,NA,"Training should occur in all districts
Concern that some districts advance in LTP while others don't. Alignment issue."
05_april_2024,Mwamba,CDC,How do government stakeholders perceive the effectiveness of PoP ECCE and LtP advocacy approaches and why?,8e. Support to teacher training implementation at district levels,174,NA,respondent,NA,NA,NA,NA,NA,NA,NA,NA,NA,NA,NA,NA,NA,NA
05_april_2024,Mwamba,CDC,How do government stakeholders perceive the effectiveness of PoP ECCE and LtP advocacy approaches and why?,8e. Support to teacher training implementation at district levels,175,NA,respondent,NA,NA,NA,NA,NA,NA,NA,NA,NA,NA,NA,NA,NA,NA
05_april_2024,Mwamba,CDC,How do government stakeholders perceive the effectiveness of PoP ECCE and LtP advocacy approaches and why?,8e. Support to teacher training implementation at district levels,176,We are thi,respondent,NA,NA,NA,NA,NA,NA,NA,NA,NA,NA,NA,NA,NA,NA
05_april_2024,Mwamba,CDC,How do government stakeholders perceive the effectiveness of PoP ECCE and LtP advocacy approaches and why?,8e. Support to teacher training implementation at district levels,177,So that wo,respondent,NA,NA,NA,NA,NA,NA,NA,NA,NA,NA,NA,NA,NA,NA
05_april_2024,Mwamba,CDC,How do government stakeholders perceive the effectiveness of PoP ECCE and LtP advocacy approaches and why?,8f. Person-to-person interactions at the MoE (VVOB holds an office at the physical MoE),178,8f,interviewer,NA,NA,NA,NA,NA,NA,NA,NA,NA,NA,NA,NA,NA,NA
05_april_2024,Mwamba,CDC,How do government stakeholders perceive the effectiveness of PoP ECCE and LtP advocacy approaches and why?,8f. Person-to-person interactions at the MoE (VVOB holds an office at the physical MoE),179,Person-to-,interviewer,NA,NA,NA,NA,NA,NA,NA,NA,NA,NA,NA,NA,NA,NA
05_april_2024,Mwamba,CDC,How do government stakeholders perceive the effectiveness of PoP ECCE and LtP advocacy approaches and why?,8f. Person-to-person interactions at the MoE (VVOB holds an office at the physical MoE),180,"Yeah, I ca",respondent,NA,NA,Adhoc / 1on1 interactions,Valuable,Question 8,Aware,NA,NA,NA,NA,NA,NA,NA,"Specific guidance, materials sharing, sharing what they have been doing."
05_april_2024,Mwamba,CDC,How do government stakeholders perceive the effectiveness of PoP ECCE and LtP advocacy approaches and why?,8f. Person-to-person interactions at the MoE (VVOB holds an office at the physical MoE),181,Where is V,interviewer,NA,NA,NA,NA,NA,NA,NA,NA,NA,NA,NA,NA,NA,NA
05_april_2024,Mwamba,CDC,How do government stakeholders perceive the effectiveness of PoP ECCE and LtP advocacy approaches and why?,8f. Person-to-person interactions at the MoE (VVOB holds an office at the physical MoE),182,They were ,respondent,NA,NA,NA,NA,NA,NA,NA,NA,NA,NA,NA,NA,NA,NA
05_april_2024,Mwamba,CDC,How do government stakeholders perceive the effectiveness of PoP ECCE and LtP advocacy approaches and why?,8f. Person-to-person interactions at the MoE (VVOB holds an office at the physical MoE),183,Oh ok they,interviewer,NA,NA,NA,NA,NA,NA,NA,NA,NA,NA,NA,NA,NA,NA
05_april_2024,Mwamba,CDC,How do government stakeholders perceive the effectiveness of PoP ECCE and LtP advocacy approaches and why?,8f. Person-to-person interactions at the MoE (VVOB holds an office at the physical MoE),184,But they h,respondent,NA,NA,NA,NA,NA,NA,NA,NA,NA,NA,NA,NA,NA,NA
05_april_2024,Mwamba,CDC,How do government stakeholders perceive the effectiveness of PoP ECCE and LtP advocacy approaches and why?,8f. Person-to-person interactions at the MoE (VVOB holds an office at the physical MoE),185,Where is t,interviewer,NA,NA,NA,NA,NA,NA,NA,NA,NA,NA,NA,NA,NA,NA
05_april_2024,Mwamba,CDC,How do government stakeholders perceive the effectiveness of PoP ECCE and LtP advocacy approaches and why?,8f. Person-to-person interactions at the MoE (VVOB holds an office at the physical MoE),186,You go thr,respondent,NA,NA,NA,NA,NA,NA,NA,NA,NA,NA,NA,NA,NA,NA
05_april_2024,Mwamba,CDC,How do government stakeholders perceive the effectiveness of PoP ECCE and LtP advocacy approaches and why?,8f. Person-to-person interactions at the MoE (VVOB holds an office at the physical MoE),187,So they ha,respondent,NA,NA,NA,NA,NA,NA,NA,NA,NA,NA,NA,NA,NA,NA
05_april_2024,Mwamba,CDC,How do government stakeholders perceive the effectiveness of PoP ECCE and LtP advocacy approaches and why?,9. VVOB has a long held relationship with the ministry. How do you feel this impacts their work with you and your colleagues?,188,VVOB has a,interviewer,NA,NA,NA,NA,NA,NA,NA,NA,NA,NA,NA,NA,NA,NA
05_april_2024,Mwamba,CDC,How do government stakeholders perceive the effectiveness of PoP ECCE and LtP advocacy approaches and why?,9. VVOB has a long held relationship with the ministry. How do you feel this impacts their work with you and your colleagues?,189,How do you,interviewer,NA,NA,NA,NA,NA,NA,NA,NA,NA,NA,NA,NA,NA,NA
05_april_2024,Mwamba,CDC,How do government stakeholders perceive the effectiveness of PoP ECCE and LtP advocacy approaches and why?,9. VVOB has a long held relationship with the ministry. How do you feel this impacts their work with you and your colleagues?,190,Ahhh it ha,respondent,NA,NA,Maintaining VVOB office,NA,NA,NA,NA,NA,NA,NA,NA,NA,NA,"Valuable, but VVOB can only help up to a point (and VVOB communicate this)
Gov't surviving on own also valuable"
05_april_2024,Mwamba,CDC,How do government stakeholders perceive the effectiveness of PoP ECCE and LtP advocacy approaches and why?,"10. To the best of your knowledge, how has VVOB supported you in Learning through Play policy making or policy implementation?",191,To the bes,interviewer,NA,NA,NA,NA,NA,NA,NA,NA,NA,NA,NA,NA,NA,NA
05_april_2024,Mwamba,CDC,How do government stakeholders perceive the effectiveness of PoP ECCE and LtP advocacy approaches and why?,"10. To the best of your knowledge, how has VVOB supported you in Learning through Play policy making or policy implementation?",192,For instan,respondent,NA,NA,Curriculum/doc review,NA,NA,NA,NA,NA,NA,NA,NA,NA,NA,"Value in sharing LTP docs
Value in sharing with DRCCs"
05_april_2024,Mwamba,CDC,How do government stakeholders perceive the effectiveness of PoP ECCE and LtP advocacy approaches and why?,"10. To the best of your knowledge, how has VVOB supported you in Learning through Play policy making or policy implementation?",193,Yeah they ,respondent,NA,NA,NA,NA,NA,NA,NA,NA,NA,NA,NA,NA,NA,NA
05_april_2024,Mwamba,CDC,How do government stakeholders perceive the effectiveness of PoP ECCE and LtP advocacy approaches and why?,"10. To the best of your knowledge, how has VVOB supported you in Learning through Play policy making or policy implementation?",194,They have ,respondent,NA,NA,NA,NA,NA,NA,NA,NA,NA,NA,NA,NA,NA,NA
05_april_2024,Mwamba,CDC,How do government stakeholders perceive the effectiveness of PoP ECCE and LtP advocacy approaches and why?,"10. To the best of your knowledge, how has VVOB supported you in Learning through Play policy making or policy implementation?",195,Ok that so,interviewer,NA,NA,NA,NA,NA,NA,NA,NA,NA,NA,NA,NA,NA,NA
05_april_2024,Mwamba,CDC,How do government stakeholders perceive the effectiveness of PoP ECCE and LtP advocacy approaches and why?,"10. To the best of your knowledge, how has VVOB supported you in Learning through Play policy making or policy implementation?",196,[Laughs] y,respondent,NA,NA,NA,NA,NA,NA,NA,NA,NA,NA,NA,NA,NA,NA
05_april_2024,Mwamba,CDC,How do government stakeholders perceive the effectiveness of PoP ECCE and LtP advocacy approaches and why?,10a. What kinds of input did they give?,197,10a,interviewer,NA,NA,NA,NA,NA,NA,NA,NA,NA,NA,NA,NA,NA,NA
05_april_2024,Mwamba,CDC,How do government stakeholders perceive the effectiveness of PoP ECCE and LtP advocacy approaches and why?,10a. What kinds of input did they give?,198,What kinds,interviewer,NA,NA,NA,NA,NA,NA,NA,NA,NA,NA,NA,NA,NA,NA
05_april_2024,Mwamba,CDC,How do government stakeholders perceive the effectiveness of PoP ECCE and LtP advocacy approaches and why?,10a. What kinds of input did they give?,199,No data,respondent,NA,NA,NA,NA,NA,NA,NA,NA,NA,NA,NA,NA,NA,NA
05_april_2024,Mwamba,CDC,How do government stakeholders perceive the effectiveness of PoP ECCE and LtP advocacy approaches and why?,10b. To what extent did VVOB invite you and your colleagues to collaborate?,200,10b,interviewer,NA,NA,NA,NA,NA,NA,NA,NA,NA,NA,NA,NA,NA,NA
05_april_2024,Mwamba,CDC,How do government stakeholders perceive the effectiveness of PoP ECCE and LtP advocacy approaches and why?,10b. To what extent did VVOB invite you and your colleagues to collaborate?,201,To what ex,interviewer,NA,NA,NA,NA,NA,NA,NA,NA,NA,NA,NA,NA,NA,NA
05_april_2024,Mwamba,CDC,How do government stakeholders perceive the effectiveness of PoP ECCE and LtP advocacy approaches and why?,10b. To what extent did VVOB invite you and your colleagues to collaborate?,202,No data,respondent,NA,NA,NA,NA,NA,NA,NA,NA,NA,NA,NA,NA,NA,NA
05_april_2024,Mwamba,CDC,How do government stakeholders perceive the effectiveness of PoP ECCE and LtP advocacy approaches and why?,10c. How has this collaboration weakened or strengthened your Learning through Play policy making and implementation?,203,10c,interviewer,NA,NA,NA,NA,NA,NA,NA,NA,NA,NA,NA,NA,NA,NA
05_april_2024,Mwamba,CDC,How do government stakeholders perceive the effectiveness of PoP ECCE and LtP advocacy approaches and why?,10c. How has this collaboration weakened or strengthened your Learning through Play policy making and implementation?,204,How has th,interviewer,NA,NA,NA,NA,NA,NA,NA,NA,NA,NA,NA,NA,NA,NA
05_april_2024,Mwamba,CDC,How do government stakeholders perceive the effectiveness of PoP ECCE and LtP advocacy approaches and why?,10c. How has this collaboration weakened or strengthened your Learning through Play policy making and implementation?,205,The other ,interviewer,NA,NA,NA,NA,NA,NA,NA,NA,NA,NA,NA,NA,NA,NA
05_april_2024,Mwamba,CDC,How do government stakeholders perceive the effectiveness of PoP ECCE and LtP advocacy approaches and why?,10c. How has this collaboration weakened or strengthened your Learning through Play policy making and implementation?,206,How it has,respondent,NA,NA,NA,NA,NA,NA,NA,NA,NA,NA,NA,NA,NA,NA
05_april_2024,Mwamba,CDC,How do government stakeholders perceive the effectiveness of PoP ECCE and LtP advocacy approaches and why?,10c. How has this collaboration weakened or strengthened your Learning through Play policy making and implementation?,207,Yes,interviewer,NA,NA,NA,NA,NA,NA,NA,NA,NA,NA,NA,NA,NA,NA
05_april_2024,Mwamba,CDC,How do government stakeholders perceive the effectiveness of PoP ECCE and LtP advocacy approaches and why?,10c. How has this collaboration weakened or strengthened your Learning through Play policy making and implementation?,208,Well they’,respondent,NA,NA,Curriculum/doc review,NA,NA,NA,NA,NA,NA,NA,Curriculum/documents,NA,NA,Suggestions / considerations while reviewing docs
05_april_2024,Mwamba,CDC,How do government stakeholders perceive the effectiveness of PoP ECCE and LtP advocacy approaches and why?,10c. How has this collaboration weakened or strengthened your Learning through Play policy making and implementation?,209,I remember,respondent,NA,NA,NA,NA,NA,NA,NA,NA,NA,NA,NA,NA,NA,NA
05_april_2024,Mwamba,CDC,How do government stakeholders perceive the effectiveness of PoP ECCE and LtP advocacy approaches and why?,10c. How has this collaboration weakened or strengthened your Learning through Play policy making and implementation?,210,They were ,respondent,NA,NA,NA,NA,NA,NA,NA,NA,NA,NA,NA,NA,NA,NA
05_april_2024,Mwamba,CDC,How do government stakeholders perceive the effectiveness of PoP ECCE and LtP advocacy approaches and why?,10c. How has this collaboration weakened or strengthened your Learning through Play policy making and implementation?,211,So we shar,respondent,NA,NA,NA,NA,NA,NA,NA,NA,NA,NA,NA,NA,NA,NA
05_april_2024,Mwamba,CDC,How do government stakeholders perceive the effectiveness of PoP ECCE and LtP advocacy approaches and why?,10c. How has this collaboration weakened or strengthened your Learning through Play policy making and implementation?,212,So they ha,respondent,Mutual relationship,NA,NA,NA,NA,NA,NA,NA,NA,NA,NA,NA,NA,"Play role in keeping gov't 'awake'
Not in forefront of dev
"
05_april_2024,Mwamba,CDC,How do government stakeholders perceive the effectiveness of PoP ECCE and LtP advocacy approaches and why?,10c. How has this collaboration weakened or strengthened your Learning through Play policy making and implementation?,213,So we say ,respondent,NA,NA,NA,NA,NA,NA,NA,NA,NA,NA,NA,NA,NA,NA
05_april_2024,Mwamba,CDC,How do government stakeholders perceive the effectiveness of PoP ECCE and LtP advocacy approaches and why?,10c. How has this collaboration weakened or strengthened your Learning through Play policy making and implementation?,214,Yeah in a ,respondent,Mutual relationship,NA,NA,NA,NA,NA,NA,NA,NA,NA,NA,NA,NA,"Balance between active / listening role. Active, but not in decisionmaking. Awareness"
05_april_2024,Mwamba,CDC,How do government stakeholders perceive the effectiveness of PoP ECCE and LtP advocacy approaches and why?,10c. How has this collaboration weakened or strengthened your Learning through Play policy making and implementation?,215,That’s int,interviewer,NA,NA,NA,NA,NA,NA,NA,NA,NA,NA,NA,NA,NA,NA
05_april_2024,Mwamba,CDC,How do government stakeholders perceive the effectiveness of PoP ECCE and LtP advocacy approaches and why?,"11. What are some of the concrete results of engagements with coordinating partners, VVOB included, from your point of view? These might include changes in documents, funding, or specific policies. What are some of the less observable results of engaging with coordinating partners?",216,What are s,interviewer,NA,NA,NA,NA,NA,NA,NA,NA,NA,NA,NA,NA,NA,NA
05_april_2024,Mwamba,CDC,How do government stakeholders perceive the effectiveness of PoP ECCE and LtP advocacy approaches and why?,"11. What are some of the concrete results of engagements with coordinating partners, VVOB included, from your point of view? These might include changes in documents, funding, or specific policies. What are some of the less observable results of engaging with coordinating partners?",217,What are s,interviewer,NA,NA,NA,NA,NA,NA,NA,NA,NA,NA,NA,NA,NA,NA
05_april_2024,Mwamba,CDC,How do government stakeholders perceive the effectiveness of PoP ECCE and LtP advocacy approaches and why?,"11. What are some of the concrete results of engagements with coordinating partners, VVOB included, from your point of view? These might include changes in documents, funding, or specific policies. What are some of the less observable results of engaging with coordinating partners?",218,Yeah so th,respondent,NA,NA,NA,NA,NA,NA,NA,NA,NA,NA,Curriculum/documents,NA,NA,NA
05_april_2024,Mwamba,CDC,How do government stakeholders perceive the effectiveness of PoP ECCE and LtP advocacy approaches and why?,"11. What are some of the concrete results of engagements with coordinating partners, VVOB included, from your point of view? These might include changes in documents, funding, or specific policies. What are some of the less observable results of engaging with coordinating partners?",219,Yeah and d,respondent,NA,NA,NA,NA,NA,NA,NA,NA,NA,NA,NA,NA,NA,NA
05_april_2024,Mwamba,CDC,How do government stakeholders perceive the effectiveness of PoP ECCE and LtP advocacy approaches and why?,"11. What are some of the concrete results of engagements with coordinating partners, VVOB included, from your point of view? These might include changes in documents, funding, or specific policies. What are some of the less observable results of engaging with coordinating partners?",220,"Yes, and s",respondent,NA,NA,NA,NA,NA,NA,NA,NA,NA,NA,NA,NA,NA,NA
05_april_2024,Mwamba,CDC,How do government stakeholders perceive the effectiveness of PoP ECCE and LtP advocacy approaches and why?,"11. What are some of the concrete results of engagements with coordinating partners, VVOB included, from your point of view? These might include changes in documents, funding, or specific policies. What are some of the less observable results of engaging with coordinating partners?",221,I see that,interviewer,NA,NA,NA,NA,NA,NA,NA,NA,NA,NA,NA,NA,NA,NA
05_april_2024,Mwamba,CDC,How do government stakeholders perceive the effectiveness of PoP ECCE and LtP advocacy approaches and why?,"11. What are some of the concrete results of engagements with coordinating partners, VVOB included, from your point of view? These might include changes in documents, funding, or specific policies. What are some of the less observable results of engaging with coordinating partners?",222,Are there ,interviewer,NA,NA,NA,NA,NA,NA,NA,NA,NA,NA,NA,NA,NA,NA
05_april_2024,Mwamba,CDC,How do government stakeholders perceive the effectiveness of PoP ECCE and LtP advocacy approaches and why?,11a. What do you think caused these changes or outcomes?,223,11a,interviewer,NA,NA,NA,NA,NA,NA,NA,NA,NA,NA,NA,NA,NA,NA
05_april_2024,Mwamba,CDC,How do government stakeholders perceive the effectiveness of PoP ECCE and LtP advocacy approaches and why?,11a. What do you think caused these changes or outcomes?,224,What do yo,interviewer,NA,NA,NA,NA,NA,NA,NA,NA,NA,NA,NA,NA,NA,NA
05_april_2024,Mwamba,CDC,How do government stakeholders perceive the effectiveness of PoP ECCE and LtP advocacy approaches and why?,11a. What do you think caused these changes or outcomes?,225,Not asked,respondent,NA,NA,NA,NA,NA,NA,NA,NA,NA,NA,NA,NA,NA,NA
05_april_2024,Mwamba,CDC,How do government stakeholders perceive the effectiveness of PoP ECCE and LtP advocacy approaches and why?,11b. Has engagement had any negative impacts or made things complicated?,226,11b,interviewer,NA,NA,NA,NA,NA,NA,NA,NA,NA,NA,NA,NA,NA,NA
05_april_2024,Mwamba,CDC,How do government stakeholders perceive the effectiveness of PoP ECCE and LtP advocacy approaches and why?,11b. Has engagement had any negative impacts or made things complicated?,227,Has engage,interviewer,NA,NA,NA,NA,NA,NA,NA,NA,NA,NA,NA,NA,NA,NA
05_april_2024,Mwamba,CDC,How do government stakeholders perceive the effectiveness of PoP ECCE and LtP advocacy approaches and why?,11b. Has engagement had any negative impacts or made things complicated?,228,Are there ,interviewer,NA,NA,NA,NA,NA,NA,NA,NA,NA,NA,NA,NA,NA,NA
05_april_2024,Mwamba,CDC,How do government stakeholders perceive the effectiveness of PoP ECCE and LtP advocacy approaches and why?,11b. Has engagement had any negative impacts or made things complicated?,229,Yeah I thi,respondent,NA,NA,NA,NA,NA,NA,NA,NA,NA,NA,NA,NA,NA,NA
05_april_2024,Mwamba,CDC,How do government stakeholders perceive the effectiveness of PoP ECCE and LtP advocacy approaches and why?,11b. Has engagement had any negative impacts or made things complicated?,230,They would,respondent,NA,NA,NA,NA,NA,NA,NA,NA,NA,NA,Negative consequences,NA,Permanent secretary (PS),Impatience with the gov't processes as a negative impact
05_april_2024,Mwamba,CDC,How do government stakeholders perceive the effectiveness of PoP ECCE and LtP advocacy approaches and why?,11b. Has engagement had any negative impacts or made things complicated?,231,NA,respondent,NA,NA,NA,NA,NA,NA,NA,NA,NA,NA,NA,NA,NA,NA
05_april_2024,Mwamba,CDC,How do government stakeholders perceive the effectiveness of PoP ECCE and LtP advocacy approaches and why?,11b. Has engagement had any negative impacts or made things complicated?,232,So I think,respondent,NA,NA,NA,NA,NA,NA,NA,NA,NA,NA,Negative consequences,NA,NA,Challenges working together on a personal level
05_april_2024,Mwamba,CDC,How do government stakeholders perceive the effectiveness of PoP ECCE and LtP advocacy approaches and why?,11b. Has engagement had any negative impacts or made things complicated?,233,Yeah I wou,respondent,NA,NA,NA,NA,NA,NA,NA,NA,NA,NA,NA,NA,NA,NA
05_april_2024,Mwamba,CDC,How do government stakeholders perceive the effectiveness of PoP ECCE and LtP advocacy approaches and why?,"12. What else would you like to see from coordinating partners, VVOB included, or what about their engagement could be improved?",234,What else ,interviewer,NA,NA,NA,NA,NA,NA,NA,NA,NA,NA,NA,NA,NA,NA
05_april_2025,Mwamba,CDC,How do government stakeholders perceive the effectiveness of PoP ECCE and LtP advocacy approaches and why?,"12. What else would you like to see from coordinating partners, VVOB included, or what about their engagement could be improved?",234.1,( Any area,interviewer,NA,NA,NA,NA,NA,NA,NA,NA,NA,NA,NA,NA,NA,NA
05_april_2024,Mwamba,CDC,How do government stakeholders perceive the effectiveness of PoP ECCE and LtP advocacy approaches and why?,"12. What else would you like to see from coordinating partners, VVOB included, or what about their engagement could be improved?",235,Ahhh any o,respondent,Improvements,NA,Improvements /Recs,NA,NA,NA,NA,NA,NA,NA,NA,NA,NA,Selection of area where NGOs conduct programs should be more influenced by govt
05_april_2024,Mwamba,CDC,How do government stakeholders perceive the effectiveness of PoP ECCE and LtP advocacy approaches and why?,"12. What else would you like to see from coordinating partners, VVOB included, or what about their engagement could be improved?",236,So even wh,respondent,NA,NA,NA,NA,NA,NA,NA,NA,NA,NA,NA,NA,NA,NA
05_april_2024,Mwamba,CDC,How do government stakeholders perceive the effectiveness of PoP ECCE and LtP advocacy approaches and why?,"12. What else would you like to see from coordinating partners, VVOB included, or what about their engagement could be improved?",237,I would ra,respondent,NA,NA,NA,NA,NA,NA,NA,NA,NA,NA,NA,NA,NA,NA
05_april_2024,Mwamba,CDC,How do government stakeholders perceive the effectiveness of PoP ECCE and LtP advocacy approaches and why?,"12. What else would you like to see from coordinating partners, VVOB included, or what about their engagement could be improved?",238,Is that to,interviewer,NA,NA,NA,NA,NA,NA,NA,NA,NA,NA,NA,NA,NA,NA
05_april_2024,Mwamba,CDC,How do government stakeholders perceive the effectiveness of PoP ECCE and LtP advocacy approaches and why?,"12. What else would you like to see from coordinating partners, VVOB included, or what about their engagement could be improved?",239,Yes.,respondent,NA,NA,NA,NA,NA,NA,NA,NA,NA,NA,NA,NA,NA,NA
05_april_2024,Mwamba,CDC,How do government stakeholders perceive the effectiveness of PoP ECCE and LtP advocacy approaches and why?,"12. What else would you like to see from coordinating partners, VVOB included, or what about their engagement could be improved?",240,What’s bee,interviewer,NA,NA,NA,NA,NA,NA,NA,NA,NA,NA,NA,NA,NA,NA
05_april_2024,Mwamba,CDC,How do government stakeholders perceive the effectiveness of PoP ECCE and LtP advocacy approaches and why?,"12. What else would you like to see from coordinating partners, VVOB included, or what about their engagement could be improved?",241,Ahhh yeah ,respondent,NA,NA,Improvements /Recs,NA,NA,NA,NA,NA,NA,NA,NA,NA,NA,Selection of area where NGOs conduct programs should be more influenced by govt
05_april_2024,Mwamba,CDC,How do government stakeholders perceive the effectiveness of PoP ECCE and LtP advocacy approaches and why?,"12. What else would you like to see from coordinating partners, VVOB included, or what about their engagement could be improved?",242,We will se,respondent,NA,NA,Improvements /Recs,NA,NA,NA,NA,NA,NA,NA,NA,NA,NA,Alignment of NGO programming across areas
05_april_2024,Mwamba,CDC,How do government stakeholders perceive the effectiveness of PoP ECCE and LtP advocacy approaches and why?,"12. What else would you like to see from coordinating partners, VVOB included, or what about their engagement could be improved?",243,They are m,respondent,NA,NA,NA,NA,NA,NA,NA,NA,NA,NA,NA,NA,NA,NA
05_april_2024,Mwamba,CDC,How do government stakeholders perceive the effectiveness of PoP ECCE and LtP advocacy approaches and why?,"12. What else would you like to see from coordinating partners, VVOB included, or what about their engagement could be improved?",244,I don’t kn,respondent,NA,NA,Improvements /Recs,NA,NA,NA,NA,NA,NA,NA,NA,NA,Permanent secretary (PS),Selection of area where NGOs conduct programs should be more influenced by govt
05_april_2024,Mwamba,CDC,How do government stakeholders perceive the effectiveness of PoP ECCE and LtP advocacy approaches and why?,"12. What else would you like to see from coordinating partners, VVOB included, or what about their engagement could be improved?",245,Yeah but t,respondent,NA,NA,Improvements /Recs,NA,NA,NA,NA,NA,NA,NA,NA,NA,NA,More alignment around gov't priorities. Not delivering something unwanted.
05_april_2024,Mwamba,CDC,How do government stakeholders perceive the effectiveness of PoP ECCE and LtP advocacy approaches and why?,"12. What else would you like to see from coordinating partners, VVOB included, or what about their engagement could be improved?",246,That’s an ,interviewer,NA,NA,NA,NA,NA,NA,NA,NA,NA,NA,NA,NA,NA,NA
05_april_2024,Mwamba,CDC,How do government stakeholders perceive the effectiveness of PoP ECCE and LtP advocacy approaches and why?,13. Is there anything else you would like to share with me?,247,13. Is the,interviewer,NA,NA,NA,NA,NA,NA,NA,NA,NA,NA,NA,NA,NA,NA
NA,NA,NA,NA,13. Is there anything else you would like to share with me?,NA,(As regard,interviewer,NA,NA,NA,NA,NA,NA,NA,NA,NA,NA,NA,NA,NA,NA
05_april_2024,Mwamba,CDC,How do government stakeholders perceive the effectiveness of PoP ECCE and LtP advocacy approaches and why?,13. Is there anything else you would like to share with me?,248,Ahhh well,respondent,NA,NA,NA,NA,NA,NA,NA,NA,NA,NA,NA,NA,NA,NA
05_april_2024,Mwamba,CDC,How do government stakeholders perceive the effectiveness of PoP ECCE and LtP advocacy approaches and why?,13. Is there anything else you would like to share with me?,249,Any other ,interviewer,NA,NA,NA,NA,NA,NA,NA,NA,NA,NA,NA,NA,NA,NA
05_april_2024,Mwamba,CDC,How do government stakeholders perceive the effectiveness of PoP ECCE and LtP advocacy approaches and why?,13. Is there anything else you would like to share with me?,250,I think wh,respondent,NA,NA,NA,NA,NA,NA,NA,NA,NA,NA,NA,NA,NA,NA
05_april_2024,Mwamba,CDC,How do government stakeholders perceive the effectiveness of PoP ECCE and LtP advocacy approaches and why?,13. Is there anything else you would like to share with me?,251,Am thinkin,respondent,NA,NA,Improvements /Recs,NA,NA,NA,NA,NA,NA,NA,NA,NA,NA,"Engage gov't on research from inception
Doing a feasibility study first, for deciding targets for program."
05_april_2024,Mwamba,CDC,How do government stakeholders perceive the effectiveness of PoP ECCE and LtP advocacy approaches and why?,13. Is there anything else you would like to share with me?,252,"Yeah so, I",respondent,NA,NA,Improvements /Recs,NA,NA,NA,NA,NA,NA,NA,NA,NA,NA,Not confuse teachers with different programs / align across NGO work
05_april_2024,Mwamba,CDC,How do government stakeholders perceive the effectiveness of PoP ECCE and LtP advocacy approaches and why?,13. Is there anything else you would like to share with me?,253,NA,respondent,NA,NA,NA,NA,NA,NA,NA,NA,NA,NA,NA,NA,NA,NA
05_april_2024,Mwamba,CDC,How do government stakeholders perceive the effectiveness of PoP ECCE and LtP advocacy approaches and why?,13. Is there anything else you would like to share with me?,254,Yes.,interviewer,NA,NA,NA,NA,NA,NA,NA,NA,NA,NA,NA,NA,NA,NA
05_april_2024,Mwamba,CDC,How do government stakeholders perceive the effectiveness of PoP ECCE and LtP advocacy approaches and why?,13. Is there anything else you would like to share with me?,255,"So, that i",respondent,NA,NA,NA,NA,NA,NA,NA,NA,NA,NA,NA,NA,NA,NA
05_april_2024,Mwamba,CDC,How do government stakeholders perceive the effectiveness of PoP ECCE and LtP advocacy approaches and why?,13. Is there anything else you would like to share with me?,256,Ok that is,interviewer,NA,NA,NA,NA,NA,NA,NA,NA,NA,NA,NA,NA,NA,NA
05_april_2024,Mwamba,CDC,How do government stakeholders perceive the effectiveness of PoP ECCE and LtP advocacy approaches and why?,13. Is there anything else you would like to share with me?,257,No thank y,respondent,NA,NA,NA,NA,NA,NA,NA,NA,NA,NA,NA,NA,NA,NA
05_april_2024,Mwamba,CDC,How do government stakeholders perceive the effectiveness of PoP ECCE and LtP advocacy approaches and why?,13. Is there anything else you would like to share with me?,258,Ok thank y,respondent,NA,NA,NA,NA,NA,NA,NA,NA,NA,NA,NA,NA,NA,NA
05_april_2024,Mwamba,CDC,How do government stakeholders perceive the effectiveness of PoP ECCE and LtP advocacy approaches and why?,13. Is there anything else you would like to share with me?,259,Thank you ,respondent,NA,NA,NA,NA,NA,NA,NA,NA,NA,NA,NA,NA,NA,NA
05_april_2024,Mwamba,CDC,How do government stakeholders perceive the effectiveness of PoP ECCE and LtP advocacy approaches and why?,13. Is there anything else you would like to share with me?,260,Thank you.,interviewer,NA,NA,NA,NA,NA,NA,NA,NA,NA,NA,NA,NA,NA,NA
